<?xml version="1.0"?>
<Runs Version="1" Minor="0">
	<Run Id="mips_pipeline_3_2_synth_1" LaunchDir="D:/BITS/ECE 3-2/CS F342 - COMPUTER ARCHITECHTURE/miniProject/mips/mips.runs/mips_pipeline_3_2_synth_1" FlowId="Vivado_Synthesis" FromStepId="vivado" ToStepId="vivado"/>
	<Run Id="mips_signExtern_0_0_synth_1" LaunchDir="D:/BITS/ECE 3-2/CS F342 - COMPUTER ARCHITECHTURE/miniProject/mips/mips.runs/mips_signExtern_0_0_synth_1" FlowId="Vivado_Synthesis" FromStepId="vivado" ToStepId="vivado"/>
	<Run Id="mips_pipeline_1_3_synth_1" LaunchDir="D:/BITS/ECE 3-2/CS F342 - COMPUTER ARCHITECHTURE/miniProject/mips/mips.runs/mips_pipeline_1_3_synth_1" FlowId="Vivado_Synthesis" FromStepId="vivado" ToStepId="vivado"/>
	<Run Id="mips_pipeline_2_1_synth_1" LaunchDir="D:/BITS/ECE 3-2/CS F342 - COMPUTER ARCHITECHTURE/miniProject/mips/mips.runs/mips_pipeline_2_1_synth_1" FlowId="Vivado_Synthesis" FromStepId="vivado" ToStepId="vivado"/>
	<Run Id="mips_pipeline_1_1_synth_1" LaunchDir="D:/BITS/ECE 3-2/CS F342 - COMPUTER ARCHITECHTURE/miniProject/mips/mips.runs/mips_pipeline_1_1_synth_1" FlowId="Vivado_Synthesis" FromStepId="vivado" ToStepId="vivado"/>
	<Run Id="mips_pipeline_2_0_synth_1" LaunchDir="D:/BITS/ECE 3-2/CS F342 - COMPUTER ARCHITECHTURE/miniProject/mips/mips.runs/mips_pipeline_2_0_synth_1" FlowId="Vivado_Synthesis" FromStepId="vivado" ToStepId="vivado"/>
	<Run Id="mips_pipeline_0_1_synth_1" LaunchDir="D:/BITS/ECE 3-2/CS F342 - COMPUTER ARCHITECHTURE/miniProject/mips/mips.runs/mips_pipeline_0_1_synth_1" FlowId="Vivado_Synthesis" FromStepId="vivado" ToStepId="vivado"/>
	<Run Id="mips_pipeline_0_4_synth_1" LaunchDir="D:/BITS/ECE 3-2/CS F342 - COMPUTER ARCHITECHTURE/miniProject/mips/mips.runs/mips_pipeline_0_4_synth_1" FlowId="Vivado_Synthesis" FromStepId="vivado" ToStepId="vivado"/>
	<Run Id="mips_pipeline_3_0_synth_1" LaunchDir="D:/BITS/ECE 3-2/CS F342 - COMPUTER ARCHITECHTURE/miniProject/mips/mips.runs/mips_pipeline_3_0_synth_1" FlowId="Vivado_Synthesis" FromStepId="vivado" ToStepId="vivado"/>
	<Run Id="mips_pipeline_0_0_synth_1" LaunchDir="D:/BITS/ECE 3-2/CS F342 - COMPUTER ARCHITECHTURE/miniProject/mips/mips.runs/mips_pipeline_0_0_synth_1" FlowId="Vivado_Synthesis" FromStepId="vivado" ToStepId="vivado"/>
	<Run Id="mips_pipeline_1_0_synth_1" LaunchDir="D:/BITS/ECE 3-2/CS F342 - COMPUTER ARCHITECHTURE/miniProject/mips/mips.runs/mips_pipeline_1_0_synth_1" FlowId="Vivado_Synthesis" FromStepId="vivado" ToStepId="vivado"/>
	<Run Id="mips_adder_1_0_synth_1" LaunchDir="D:/BITS/ECE 3-2/CS F342 - COMPUTER ARCHITECHTURE/miniProject/mips/mips.runs/mips_adder_1_0_synth_1" FlowId="Vivado_Synthesis" FromStepId="vivado" ToStepId="vivado"/>
	<Run Id="mips_mux_2_0_synth_1" LaunchDir="D:/BITS/ECE 3-2/CS F342 - COMPUTER ARCHITECHTURE/miniProject/mips/mips.runs/mips_mux_2_0_synth_1" FlowId="Vivado_Synthesis" FromStepId="vivado" ToStepId="vivado"/>
	<Run Id="mips_shiftLeft_0_0_synth_1" LaunchDir="D:/BITS/ECE 3-2/CS F342 - COMPUTER ARCHITECHTURE/miniProject/mips/mips.runs/mips_shiftLeft_0_0_synth_1" FlowId="Vivado_Synthesis" FromStepId="vivado" ToStepId="vivado"/>
	<Run Id="mips_mux_3_0_synth_1" LaunchDir="D:/BITS/ECE 3-2/CS F342 - COMPUTER ARCHITECHTURE/miniProject/mips/mips.runs/mips_mux_3_0_synth_1" FlowId="Vivado_Synthesis" FromStepId="vivado" ToStepId="vivado"/>
	<Run Id="mips_dataMemory_0_0_synth_1" LaunchDir="D:/BITS/ECE 3-2/CS F342 - COMPUTER ARCHITECHTURE/miniProject/mips/mips.runs/mips_dataMemory_0_0_synth_1" FlowId="Vivado_Synthesis" FromStepId="vivado" ToStepId="vivado"/>
	<Run Id="mips_RegFile_0_0_synth_1" LaunchDir="D:/BITS/ECE 3-2/CS F342 - COMPUTER ARCHITECHTURE/miniProject/mips/mips.runs/mips_RegFile_0_0_synth_1" FlowId="Vivado_Synthesis" FromStepId="vivado" ToStepId="vivado"/>
	<Run Id="mips_alu_0_0_synth_1" LaunchDir="D:/BITS/ECE 3-2/CS F342 - COMPUTER ARCHITECHTURE/miniProject/mips/mips.runs/mips_alu_0_0_synth_1" FlowId="Vivado_Synthesis" FromStepId="vivado" ToStepId="vivado"/>
	<Run Id="mips_mux_0_0_synth_1" LaunchDir="D:/BITS/ECE 3-2/CS F342 - COMPUTER ARCHITECHTURE/miniProject/mips/mips.runs/mips_mux_0_0_synth_1" FlowId="Vivado_Synthesis" FromStepId="vivado" ToStepId="vivado"/>
	<Run Id="mips_mux_0_1_synth_1" LaunchDir="D:/BITS/ECE 3-2/CS F342 - COMPUTER ARCHITECHTURE/miniProject/mips/mips.runs/mips_mux_0_1_synth_1" FlowId="Vivado_Synthesis" FromStepId="vivado" ToStepId="vivado"/>
	<Run Id="mips_pipeline_8_0_synth_1" LaunchDir="D:/BITS/ECE 3-2/CS F342 - COMPUTER ARCHITECHTURE/miniProject/mips/mips.runs/mips_pipeline_8_0_synth_1" FlowId="Vivado_Synthesis" FromStepId="vivado" ToStepId="vivado"/>
	<Run Id="mips_pipeline_9_0_synth_1" LaunchDir="D:/BITS/ECE 3-2/CS F342 - COMPUTER ARCHITECHTURE/miniProject/mips/mips.runs/mips_pipeline_9_0_synth_1" FlowId="Vivado_Synthesis" FromStepId="vivado" ToStepId="vivado"/>
	<Run Id="mips_pipeline_10_0_synth_1" LaunchDir="D:/BITS/ECE 3-2/CS F342 - COMPUTER ARCHITECHTURE/miniProject/mips/mips.runs/mips_pipeline_10_0_synth_1" FlowId="Vivado_Synthesis" FromStepId="vivado" ToStepId="vivado"/>
	<Run Id="mips_pipeline_11_0_synth_1" LaunchDir="D:/BITS/ECE 3-2/CS F342 - COMPUTER ARCHITECHTURE/miniProject/mips/mips.runs/mips_pipeline_11_0_synth_1" FlowId="Vivado_Synthesis" FromStepId="vivado" ToStepId="vivado"/>
	<Run Id="mips_pipeline_0_2_synth_1" LaunchDir="D:/BITS/ECE 3-2/CS F342 - COMPUTER ARCHITECHTURE/miniProject/mips/mips.runs/mips_pipeline_0_2_synth_1" FlowId="Vivado_Synthesis" FromStepId="vivado" ToStepId="vivado"/>
	<Run Id="mips_pipeline_7_0_synth_1" LaunchDir="D:/BITS/ECE 3-2/CS F342 - COMPUTER ARCHITECHTURE/miniProject/mips/mips.runs/mips_pipeline_7_0_synth_1" FlowId="Vivado_Synthesis" FromStepId="vivado" ToStepId="vivado"/>
	<Run Id="mips_pipeline_5_0_synth_1" LaunchDir="D:/BITS/ECE 3-2/CS F342 - COMPUTER ARCHITECHTURE/miniProject/mips/mips.runs/mips_pipeline_5_0_synth_1" FlowId="Vivado_Synthesis" FromStepId="vivado" ToStepId="vivado"/>
	<Run Id="mips_pipeline_6_0_synth_1" LaunchDir="D:/BITS/ECE 3-2/CS F342 - COMPUTER ARCHITECHTURE/miniProject/mips/mips.runs/mips_pipeline_6_0_synth_1" FlowId="Vivado_Synthesis" FromStepId="vivado" ToStepId="vivado"/>
	<Run Id="mips_pipeline_4_0_synth_1" LaunchDir="D:/BITS/ECE 3-2/CS F342 - COMPUTER ARCHITECHTURE/miniProject/mips/mips.runs/mips_pipeline_4_0_synth_1" FlowId="Vivado_Synthesis" FromStepId="vivado" ToStepId="vivado"/>
	<Run Id="mips_pipeline_3_1_synth_1" LaunchDir="D:/BITS/ECE 3-2/CS F342 - COMPUTER ARCHITECHTURE/miniProject/mips/mips.runs/mips_pipeline_3_1_synth_1" FlowId="Vivado_Synthesis" FromStepId="vivado" ToStepId="vivado"/>
	<Run Id="mips_pipeline_5_1_synth_1" LaunchDir="D:/BITS/ECE 3-2/CS F342 - COMPUTER ARCHITECHTURE/miniProject/mips/mips.runs/mips_pipeline_5_1_synth_1" FlowId="Vivado_Synthesis" FromStepId="vivado" ToStepId="vivado"/>
	<Run Id="mips_concat_0_0_synth_1" LaunchDir="D:/BITS/ECE 3-2/CS F342 - COMPUTER ARCHITECHTURE/miniProject/mips/mips.runs/mips_concat_0_0_synth_1" FlowId="Vivado_Synthesis" FromStepId="vivado" ToStepId="vivado"/>
	<Run Id="mips_pipeline_0_5_synth_1" LaunchDir="D:/BITS/ECE 3-2/CS F342 - COMPUTER ARCHITECHTURE/miniProject/mips/mips.runs/mips_pipeline_0_5_synth_1" FlowId="Vivado_Synthesis" FromStepId="vivado" ToStepId="vivado"/>
	<Run Id="mips_pipeline_1_2_synth_1" LaunchDir="D:/BITS/ECE 3-2/CS F342 - COMPUTER ARCHITECHTURE/miniProject/mips/mips.runs/mips_pipeline_1_2_synth_1" FlowId="Vivado_Synthesis" FromStepId="vivado" ToStepId="vivado"/>
	<Run Id="mips_mux_1_0_synth_1" LaunchDir="D:/BITS/ECE 3-2/CS F342 - COMPUTER ARCHITECHTURE/miniProject/mips/mips.runs/mips_mux_1_0_synth_1" FlowId="Vivado_Synthesis" FromStepId="vivado" ToStepId="vivado"/>
	<Run Id="mips_programCounter_0_0_synth_1" LaunchDir="D:/BITS/ECE 3-2/CS F342 - COMPUTER ARCHITECHTURE/miniProject/mips/mips.runs/mips_programCounter_0_0_synth_1" FlowId="Vivado_Synthesis" FromStepId="vivado" ToStepId="vivado"/>
	<Run Id="mips_instructionMemory_0_0_synth_1" LaunchDir="D:/BITS/ECE 3-2/CS F342 - COMPUTER ARCHITECHTURE/miniProject/mips/mips.runs/mips_instructionMemory_0_0_synth_1" FlowId="Vivado_Synthesis" FromStepId="vivado" ToStepId="vivado"/>
	<Run Id="mips_adder_0_0_synth_1" LaunchDir="D:/BITS/ECE 3-2/CS F342 - COMPUTER ARCHITECHTURE/miniProject/mips/mips.runs/mips_adder_0_0_synth_1" FlowId="Vivado_Synthesis" FromStepId="vivado" ToStepId="vivado"/>
	<Run Id="mips_controlLogic_0_0_synth_1" LaunchDir="D:/BITS/ECE 3-2/CS F342 - COMPUTER ARCHITECHTURE/miniProject/mips/mips.runs/mips_controlLogic_0_0_synth_1" FlowId="Vivado_Synthesis" FromStepId="vivado" ToStepId="vivado"/>
	<Run Id="mips_andGate_0_0_synth_1" LaunchDir="D:/BITS/ECE 3-2/CS F342 - COMPUTER ARCHITECHTURE/miniProject/mips/mips.runs/mips_andGate_0_0_synth_1" FlowId="Vivado_Synthesis" FromStepId="vivado" ToStepId="vivado"/>
	<Run Id="synth_1" LaunchDir="D:/BITS/ECE 3-2/CS F342 - COMPUTER ARCHITECHTURE/miniProject/mips/mips.runs/synth_1" FlowId="Vivado_Synthesis" FromStepId="vivado" ToStepId="vivado">
		<Parent Id="mips_pipeline_3_2_synth_1"/>
		<Parent Id="mips_signExtern_0_0_synth_1"/>
		<Parent Id="mips_pipeline_1_3_synth_1"/>
		<Parent Id="mips_pipeline_2_1_synth_1"/>
		<Parent Id="mips_pipeline_1_1_synth_1"/>
		<Parent Id="mips_pipeline_2_0_synth_1"/>
		<Parent Id="mips_pipeline_0_1_synth_1"/>
		<Parent Id="mips_pipeline_0_4_synth_1"/>
		<Parent Id="mips_pipeline_3_0_synth_1"/>
		<Parent Id="mips_pipeline_0_0_synth_1"/>
		<Parent Id="mips_pipeline_1_0_synth_1"/>
		<Parent Id="mips_adder_1_0_synth_1"/>
		<Parent Id="mips_mux_2_0_synth_1"/>
		<Parent Id="mips_shiftLeft_0_0_synth_1"/>
		<Parent Id="mips_mux_3_0_synth_1"/>
		<Parent Id="mips_dataMemory_0_0_synth_1"/>
		<Parent Id="mips_RegFile_0_0_synth_1"/>
		<Parent Id="mips_alu_0_0_synth_1"/>
		<Parent Id="mips_mux_0_0_synth_1"/>
		<Parent Id="mips_mux_0_1_synth_1"/>
		<Parent Id="mips_pipeline_8_0_synth_1"/>
		<Parent Id="mips_pipeline_9_0_synth_1"/>
		<Parent Id="mips_pipeline_10_0_synth_1"/>
		<Parent Id="mips_pipeline_11_0_synth_1"/>
		<Parent Id="mips_pipeline_0_2_synth_1"/>
		<Parent Id="mips_pipeline_7_0_synth_1"/>
		<Parent Id="mips_pipeline_5_0_synth_1"/>
		<Parent Id="mips_pipeline_6_0_synth_1"/>
		<Parent Id="mips_pipeline_4_0_synth_1"/>
		<Parent Id="mips_pipeline_3_1_synth_1"/>
		<Parent Id="mips_pipeline_5_1_synth_1"/>
		<Parent Id="mips_concat_0_0_synth_1"/>
		<Parent Id="mips_pipeline_0_5_synth_1"/>
		<Parent Id="mips_pipeline_1_2_synth_1"/>
		<Parent Id="mips_mux_1_0_synth_1"/>
		<Parent Id="mips_programCounter_0_0_synth_1"/>
		<Parent Id="mips_instructionMemory_0_0_synth_1"/>
		<Parent Id="mips_adder_0_0_synth_1"/>
		<Parent Id="mips_controlLogic_0_0_synth_1"/>
		<Parent Id="mips_andGate_0_0_synth_1"/>
	</Run>
	<Parameters>
		<Parameter Name="runs.monitorLSFJobs" Val="true" Type="bool"/>
		<Parameter Name="runs.enableClusterConf" Val="true" Type="bool"/>
	</Parameters>
</Runs>

